{"cameraMode":{"drawMode":0,"name":"Shaded","section":"Shading Mode"},"sceneLighting":true,"audioPlay":false,"sceneViewState":{"m_AlwaysRefresh":false,"showFog":true,"showSkybox":true,"showFlares":true,"showImageEffects":true,"showParticleSystems":true,"showVisualEffectGraphs":true,"m_FxEnabled":true},"in2DMode":false,"pivot":{"x":0.2566887140274048,"y":-28.485950469970704,"z":-0.39161425828933718},"rotation":{"x":0.005818817298859358,"y":-0.9941858053207398,"z":0.07620365917682648,"w":0.07589899748563767},"size":0.21179082989692689,"orthographic":false}