{"cameraMode":{"drawMode":0,"name":"Shaded","section":"Shading Mode"},"sceneLighting":true,"audioPlay":false,"sceneViewState":{"m_AlwaysRefresh":false,"showFog":true,"showSkybox":true,"showFlares":true,"showImageEffects":true,"showParticleSystems":true,"showVisualEffectGraphs":true,"m_FxEnabled":true},"in2DMode":false,"pivot":{"x":9.549498558044434,"y":3.9433507919311525,"z":-27.629905700683595},"rotation":{"x":0.006398421712219715,"y":0.9874524474143982,"z":-0.04149734973907471,"w":0.1522710621356964},"size":27.00868797302246,"orthographic":false}