{"cameraMode":{"drawMode":0,"name":"Shaded","section":"Shading Mode"},"sceneLighting":true,"audioPlay":false,"sceneViewState":{"m_AlwaysRefresh":false,"showFog":true,"showSkybox":true,"showFlares":true,"showImageEffects":true,"showParticleSystems":true,"showVisualEffectGraphs":true,"m_FxEnabled":true},"in2DMode":false,"pivot":{"x":-1.3318222761154175,"y":2.5849006175994875,"z":-0.3255925178527832},"rotation":{"x":-0.030550379306077958,"y":-0.9655222296714783,"z":0.13292352855205537,"w":-0.2218930572271347},"size":1.1854832172393799,"orthographic":false}