{"cameraMode":{"drawMode":0,"name":"Shaded","section":"Shading Mode"},"sceneLighting":true,"audioPlay":false,"sceneViewState":{"m_AlwaysRefresh":false,"showFog":true,"showSkybox":true,"showFlares":true,"showImageEffects":true,"showParticleSystems":true,"showVisualEffectGraphs":true,"m_FxEnabled":true},"in2DMode":false,"pivot":{"x":3.1534597873687746,"y":0.1788417100906372,"z":-3.076303005218506},"rotation":{"x":0.023630870506167413,"y":0.9729563593864441,"z":-0.19855602085590363,"w":0.11582709848880768},"size":5.631023406982422,"orthographic":false}