{"cameraMode":{"drawMode":0,"name":"Shaded","section":"Shading Mode"},"sceneLighting":true,"audioPlay":false,"sceneViewState":{"m_AlwaysRefresh":false,"showFog":true,"showSkybox":true,"showFlares":true,"showImageEffects":true,"showParticleSystems":true,"showVisualEffectGraphs":true,"m_FxEnabled":true},"in2DMode":false,"pivot":{"x":0.056722648441791537,"y":-28.414213180541993,"z":-0.2942555844783783},"rotation":{"x":-0.010552957653999329,"y":0.988470733165741,"z":-0.126717209815979,"w":-0.0823342427611351},"size":0.2724341154098511,"orthographic":false}