{"cameraMode":{"drawMode":0,"name":"Shaded","section":"Shading Mode"},"sceneLighting":true,"audioPlay":false,"sceneViewState":{"m_AlwaysRefresh":false,"showFog":true,"showSkybox":true,"showFlares":true,"showImageEffects":true,"showParticleSystems":true,"showVisualEffectGraphs":true,"m_FxEnabled":true},"in2DMode":false,"pivot":{"x":-2.268582344055176,"y":-28.352184295654298,"z":9.165910720825196},"rotation":{"x":0.0025465732906013729,"y":0.9943487048149109,"z":-0.10328623652458191,"w":0.025065161287784578},"size":0.05163519084453583,"orthographic":false}