{"cameraMode":{"drawMode":0,"name":"Shaded","section":"Shading Mode"},"sceneLighting":true,"audioPlay":false,"sceneViewState":{"m_AlwaysRefresh":false,"showFog":true,"showSkybox":true,"showFlares":true,"showImageEffects":true,"showParticleSystems":true,"showVisualEffectGraphs":true,"m_FxEnabled":true},"in2DMode":false,"pivot":{"x":-9.177318572998047,"y":-21.215673446655275,"z":0.8987903594970703},"rotation":{"x":-0.15444731712341309,"y":0.8352154493331909,"z":-0.2945077121257782,"w":-0.43801236152648928},"size":29.408679962158204,"orthographic":false}