{"cameraMode":{"drawMode":0,"name":"Shaded","section":"Shading Mode"},"sceneLighting":true,"audioPlay":false,"sceneViewState":{"m_AlwaysRefresh":false,"showFog":true,"showSkybox":true,"showFlares":true,"showImageEffects":true,"showParticleSystems":true,"showVisualEffectGraphs":true,"m_FxEnabled":true},"in2DMode":false,"pivot":{"x":-3.549137592315674,"y":0.3341379165649414,"z":-21.574277877807618},"rotation":{"x":0.005652972497045994,"y":0.991547703742981,"z":-0.12138562649488449,"w":0.046760305762290958},"size":13.645041465759278,"orthographic":false}