{"cameraMode":{"drawMode":0,"name":"Shaded","section":"Shading Mode"},"sceneLighting":true,"audioPlay":false,"sceneViewState":{"m_AlwaysRefresh":false,"showFog":true,"showSkybox":true,"showFlares":true,"showImageEffects":true,"showParticleSystems":true,"showVisualEffectGraphs":true,"m_FxEnabled":true},"in2DMode":false,"pivot":{"x":15.221817970275879,"y":-0.9775962829589844,"z":-3.781656265258789},"rotation":{"x":0.04128754511475563,"y":0.7105304598808289,"z":-0.041833508759737018,"w":0.7012151479721069},"size":10.401766777038575,"orthographic":false}