{"cameraMode":{"drawMode":0,"name":"Shaded","section":"Shading Mode"},"sceneLighting":true,"audioPlay":false,"sceneViewState":{"m_AlwaysRefresh":false,"showFog":true,"showSkybox":true,"showFlares":true,"showImageEffects":true,"showParticleSystems":true,"showVisualEffectGraphs":true,"m_FxEnabled":true},"in2DMode":false,"pivot":{"x":10.091548919677735,"y":-28.560768127441408,"z":12.098191261291504},"rotation":{"x":0.02904515340924263,"y":-0.9472026824951172,"z":0.08977825194597244,"w":0.30644479393959048},"size":0.2424357682466507,"orthographic":false}