{"cameraMode":{"drawMode":0,"name":"Shaded","section":"Shading Mode"},"sceneLighting":true,"audioPlay":false,"sceneViewState":{"m_AlwaysRefresh":false,"showFog":true,"showSkybox":true,"showFlares":true,"showImageEffects":true,"showParticleSystems":true,"showVisualEffectGraphs":true,"m_FxEnabled":true},"in2DMode":false,"pivot":{"x":7.771158218383789,"y":2.0814900398254396,"z":11.045066833496094},"rotation":{"x":-0.054913319647312167,"y":0.9395585656166077,"z":-0.1805981546640396,"w":-0.2857092320919037},"size":3.1592295169830324,"orthographic":false}