{"cameraMode":{"drawMode":0,"name":"Shaded","section":"Shading Mode"},"sceneLighting":true,"audioPlay":false,"sceneViewState":{"m_AlwaysRefresh":false,"showFog":true,"showSkybox":true,"showFlares":true,"showImageEffects":true,"showParticleSystems":true,"showVisualEffectGraphs":true,"m_FxEnabled":true},"in2DMode":false,"pivot":{"x":10.14136028289795,"y":-28.825984954833986,"z":11.798542976379395},"rotation":{"x":-0.0013990496518090368,"y":-0.9958396553993225,"z":0.08986805379390717,"w":-0.015538760460913182},"size":0.2036191076040268,"orthographic":false}