{"cameraMode":{"drawMode":0,"name":"Shaded","section":"Shading Mode"},"sceneLighting":false,"audioPlay":false,"sceneViewState":{"m_AlwaysRefresh":false,"showFog":true,"showSkybox":false,"showFlares":true,"showImageEffects":true,"showParticleSystems":true,"showVisualEffectGraphs":true,"m_FxEnabled":true},"in2DMode":false,"pivot":{"x":0.15355420112609864,"y":1.2500001192092896,"z":-0.2165900468826294},"rotation":{"x":-0.023843973875045778,"y":-0.9382652640342712,"z":-0.06596221029758454,"w":0.3390849530696869},"size":1.2247447967529297,"orthographic":false}