{"cameraMode":{"drawMode":0,"name":"Shaded","section":"Shading Mode"},"sceneLighting":false,"audioPlay":false,"sceneViewState":{"m_AlwaysRefresh":false,"showFog":true,"showSkybox":false,"showFlares":true,"showImageEffects":true,"showParticleSystems":true,"showVisualEffectGraphs":true,"m_FxEnabled":true},"in2DMode":false,"pivot":{"x":10.014010429382325,"y":-28.532732009887697,"z":12.030171394348145},"rotation":{"x":0.004064767621457577,"y":-0.9940189719200134,"z":0.10174255818128586,"w":0.03968052193522453},"size":0.40199515223503115,"orthographic":false}