{"cameraMode":{"drawMode":0,"name":"Shaded","section":"Shading Mode"},"sceneLighting":false,"audioPlay":false,"sceneViewState":{"m_AlwaysRefresh":false,"showFog":true,"showSkybox":false,"showFlares":true,"showImageEffects":true,"showParticleSystems":true,"showVisualEffectGraphs":true,"m_FxEnabled":true},"in2DMode":false,"pivot":{"x":318.94171142578127,"y":180.63841247558595,"z":-9.305938720703125},"rotation":{"x":-0.01349213533103466,"y":0.03898128867149353,"z":-0.00047176345833577216,"w":-0.9991682767868042},"size":82.82887268066406,"orthographic":false}