{"cameraMode":{"drawMode":0,"name":"Shaded","section":"Shading Mode"},"sceneLighting":false,"audioPlay":false,"sceneViewState":{"m_AlwaysRefresh":false,"showFog":true,"showSkybox":false,"showFlares":true,"showImageEffects":true,"showParticleSystems":true,"showVisualEffectGraphs":true,"m_FxEnabled":true},"in2DMode":false,"pivot":{"x":-3.4982171058654787,"y":0.8831950426101685,"z":0.7591212391853333},"rotation":{"x":0.057125024497509,"y":0.9157631397247315,"z":-0.14065086841583253,"w":0.37193647027015688},"size":0.6815215349197388,"orthographic":false}