{"cameraMode":{"drawMode":0,"name":"Shaded","section":"Shading Mode"},"sceneLighting":false,"audioPlay":false,"sceneViewState":{"m_AlwaysRefresh":false,"showFog":true,"showSkybox":false,"showFlares":true,"showImageEffects":true,"showParticleSystems":true,"showVisualEffectGraphs":true,"m_FxEnabled":true},"in2DMode":false,"pivot":{"x":-0.09964358806610108,"y":1.144421100616455,"z":-0.5887417793273926},"rotation":{"x":0.022424297407269479,"y":-0.964596152305603,"z":0.08703845739364624,"w":0.24805694818496705},"size":1.904424786567688,"orthographic":false}